AlK12,CaK12,CrK12,CuK12,FeK12,KK12,MnK12,NiK12,SiK12,TiK12,VK12,ZnK12,BrK12,PbL1,PdK12,RbK12,SnK12,SrK12,ZrK12
0.061678312520615994,0.15421779866827978,-0.4194135608316222,-1.1734754703697627,-2.156112401803908,-0.1464742857812081,-0.2320520379457681,0.2106046622804688,-0.24864539611704015,-1.1165772418611686,0.08930037380954642,1.483844248792622,-0.5133353824904531,-1.6651879725335377,0.6776598208621547,0.26048643578405245,0.8194789543203275,-0.3318404190753901,-1.7667089510818779
-0.5886512267874056,-0.5805177210268422,-0.7423915131503025,-0.25265242503755764,-0.47189944628129143,0.1447555387431672,-0.27798702639342404,0.5949003969740859,-0.6381948372311235,-0.32036896880405963,-0.17913477780969148,0.5237503953448388,-0.7480943337299233,-0.29137326973891736,-0.1481957189015387,0.454819778179276,-0.6154488059084496,-0.26741611680396565,1.2526376287679035
-0.5421153259381937,-0.04132953566904763,0.8282522092451905,-0.019548585359293286,1.3509825128903243,-0.16906682959869507,0.052371978170760725,0.9105943968060349,-1.1702284151931408,-0.053672315504870394,0.6666079120171842,-1.1294876382785,1.352480862744515,1.2812985050505519,-0.2752624649594906,1.1711271593996437,-0.07831039663546165,0.6187609906757677,-0.3196900747157492
0.08930624909214477,-0.040194117157223444,1.0523589765062726,0.6276708815960345,0.27734311414082957,0.03291780128441922,-0.8117914943605828,1.1770474275412235,0.48638281610875694,0.3697548808854739,1.311657314039255,0.37236793337838797,1.0566852896231986,0.26759522874467234,-0.4587520589259627,0.4113884456173898,0.48885028469804875,0.3786479166617656,0.2499285322044747
0.828474299750143,-0.2427478948996899,0.8674937008434331,1.5611797126486104,-0.06424601701541378,0.929647753020385,-0.8482501124703978,0.16152139587806558,0.885911914608664,1.4065177222102578,2.0937263570924727,0.263435022653434,0.7373184861932611,0.5569043976871153,-0.015774865481761897,0.8975243917839439,0.4339652071828883,0.08632311101248322,2.4468586041567937
-0.3217142956701617,1.1414877741526752,-0.24740649793852504,1.6504684251174493,1.3907036002857505,-0.10923379338195775,0.06338266229594827,0.8250662081509677,-0.5432456103113694,1.6064443425811303,0.8712876080546894,0.7019767283368722,1.306944613627022,1.4724388443153562,-0.46048754956278926,0.8339256225560513,-0.04091489095691938,1.8203020853956944,-0.14053799326442035
0.02906451689722983,0.17490214526486875,-0.5732899064486344,0.473714052254851,1.349169407469429,-0.1223183982276805,1.3138506364998146,1.504715216060776,-0.4164673814738487,0.10784271240006059,0.82104311674479,1.8368875954115824,1.2085623699868384,1.3238771070310795,-0.5609061949400621,0.5802803240298741,-0.3028580856043975,-0.18926715654676732,-0.23028770217984287
-0.02253037636747974,0.11134768323127174,0.5628933949747658,1.4092474080018664,1.261453685779711,0.18974824951087801,0.322174337888627,1.1132896307192628,-0.18932967406400983,0.4475689310604635,0.4058406488379369,0.2688420755323361,1.312990468802147,1.0380974516443147,-0.27170815407439514,0.7617605342498165,0.7163647101328571,-0.1028894445875441,0.012177267589834973
0.4146990788879577,-0.4138637494294832,0.07934188997325374,0.3034996640003552,-0.111279521190339,0.9616449341643144,-0.6654367975489411,0.4194355154992347,0.5230039531904651,1.0437423985266343,1.008424831387611,1.0806197717865682,1.4117586474141761,0.309592858334083,-0.2668097247669041,1.0711337303413149,-0.4805960621908234,-0.72232826120109,1.1370834036952309
-0.006965108972179337,-0.47488093465475884,-0.326350313964554,0.661745673869767,-0.42681483606234644,0.6427260579251853,-0.3960213454263464,1.2155963839988788,0.2164334990238325,0.4210576448328787,0.47120377399862756,-0.5989152986597563,-0.1354750401281886,-0.16428990601453788,-0.39098570086539447,1.3168959992945515,0.20619463671105762,-0.2612530950985482,0.4126389773904602
0.21897980363576117,-0.519508104039806,0.4535667905245979,0.18587506939572532,1.0524158332056974,0.2665891596836512,0.19027093249432614,1.587346249901189,-0.5734879227902944,-0.005890445230908345,0.6316586156851339,0.3606455869828607,1.4190787129633977,0.5916773704656204,-0.6158807538435933,0.645621025377361,-0.29225248619850164,-0.8970572368038481,-0.7100008231190726
-0.4581543819624771,-0.026058174288087245,-0.9696375381932463,0.8559634122165772,0.1886196512895998,-0.7319536173632444,0.10854937114085862,0.9553484378764732,-0.5842265253181314,-0.5838938204257018,0.5272979179792177,-0.33809614671615423,1.0717976440656276,0.5484284410189292,-0.35371622539863556,0.4726727098556721,0.37033973523143104,0.9268721245259003,0.24395751339988106
-0.040085182717510506,-1.1461058390992178,0.563924409986987,0.1722217601577613,0.2194125653161093,-0.058929878220306084,2.013750467084225,0.6669128909605606,-0.4206279418611649,-0.9742834699950095,1.380254357744056,2.1437952012876873,-1.3978803141980312,0.9935496119407352,-0.09355373662562344,0.4188837857437804,2.7549765782236104,-1.2749792260696111,-0.14163974337991797
0.45386505134744604,-0.9345180390657207,1.8607651475177183,0.22297084178006552,0.9006237796685697,0.7278010739083051,0.5534526526510094,1.1190686469924114,0.3670550148495257,-0.32701705355823446,0.3454512325860357,0.13120202908868564,-1.3192029631372886,1.569471080761294,-0.36848558822041677,0.2882303439643463,0.8561603089512483,-1.1265862288757327,-0.0010852316167921693
0.48336747931475016,-0.6248575641778137,-0.05471784406799268,-1.82688372461935,-0.7586370242695037,0.145778671831123,-0.25702995217704117,0.021538026198407386,0.32425324505856956,-0.15517856737780095,-0.22507007856814928,-0.5389904306174607,-1.0221442072248148,-0.6353505285288976,-0.24028749315339712,1.231722844750692,0.5770325924913939,-0.4723433102336989,0.2928134713066783
-0.31268593234895525,-1.275339984365079,1.990593379575669,-1.6288111525808104,-0.4093156332927927,0.18499754456055484,-1.3760828896630306,0.05451365227161807,-1.3211695917854684,-0.8725354619190523,0.49940087236000646,-1.0847238298576762,-1.4976301239826275,0.10575844334120856,-0.08691661957812358,0.763709437153696,1.4709687716039008,-1.082644540869065,-0.13940575099043137
1.0156941416720546,0.04554853890927695,-0.2717993498351338,-0.3774458325277154,-0.6428159095179966,0.9874873835301967,-0.8752151584502417,0.4572949749750727,1.5423799145631036,0.7038522409331225,-0.32861714225743854,-0.6441242134049158,-1.531008113345217,-1.1134883163500282,0.040945583088341085,0.30805238084678643,1.169197114833058,-0.18559344230229724,2.3603539658644435
-0.1823457766973701,-1.1630019231550441,0.5307583906944572,-1.3131398157274268,1.7855570116441895,0.6341961295845289,-0.8397507262232373,0.1971428081554485,-1.1092148118602905,-0.7535629315126582,0.8910257341127019,-0.843428931590166,-1.9250529438689044,1.4779793385899773,-0.4701072868002323,0.6129956086536457,-0.7677228714059597,-1.2823514937600284,-0.033677734585607494
-0.2016788208867641,-1.4060525851201444,0.8076754598082916,-1.7847385074727917,-0.3348023617127006,0.17517619168898269,-1.3179074684145828,-0.9292902629906581,-1.2368837001290616,-1.4001531176856143,-0.09775281816605699,-1.4384800616718771,-1.6963830344795714,0.9179536144467725,-0.04833620333691497,0.9201562523490959,-0.8109562803530168,-1.2316105114128253,1.9744192161620018
0.4845656584129695,-1.1626958873695235,1.0447040274699295,-1.06128643143474,0.7115061784732906,0.9890332285438148,-1.1852754440518911,0.2834084319069083,-0.386985486995081,-0.6104291987888675,0.357180430517137,-1.2970251158543495,-1.4478564233996671,1.551805361417246,-0.0028454138944953543,1.07162710045574,1.787201926957254,-1.1401093221781144,-0.031246922885373406
0.2053088225708549,-1.2572204400873566,1.5106035432409097,-0.9021275638572165,0.7236918154170716,0.7344294677409656,-1.1248810258399802,0.8639993536739144,-0.38256710685192175,-0.7086647402955748,0.6138262923430549,-1.4357057102047448,-1.5180547709932413,0.5694604243902954,-0.33292792787008724,0.6753020017782784,-0.8781983740902186,-1.2548551900117786,-0.6220827055140298
0.08720913304184416,-0.4558820540151201,-1.3157927863289456,1.1558390184096852,-1.034089050400749,-0.40305572555990643,-0.48495568515762505,-0.011080589748200203,-0.1079254222694637,0.1449488064842452,0.16368741406511222,-0.5487446765098418,0.7562390504828193,-0.6323480935545838,0.8985609902992131,-0.4338989970041681,-1.333542806976422,-0.7979942491509672,-0.6636944047517455
-1.220846860220321,0.3973590527606053,-1.1885005905298693,0.20308370462921416,-1.2882279464544206,-1.2758763060878633,-0.23508370996999964,-1.1701702401041691,-0.347316226598083,-0.62257412288357,-0.6490903807835559,1.0628030169744762,0.21561708020286202,-1.3917802397962582,1.3847631461445409,-1.5093418485658534,2.0860796107814803,0.21475200894759464,-0.7017187044420033
-0.2749986072742313,-0.010601097365701286,0.7311688593576788,0.8334540082704468,-1.220043195167453,-0.583374087134671,0.11212796269361713,0.07365119194982699,0.5970902663356102,-0.3704447272448637,0.15896953672852981,0.38341100851481263,0.3069558761046987,-0.5346116127974108,0.8913117639624333,-0.832269585375604,0.4235249706073491,-0.005778629523199057,-0.11540514049515617
0.3260013026065653,0.4281648158654403,-0.7130756321943417,1.4255393659003543,0.10505446736738523,0.044037450512933604,0.8149487670161235,0.17659058932168697,0.043897052749492606,0.7395505898305376,0.30823021173688636,1.1164812469416738,0.8435624165617404,-0.4562936144205453,0.705067545311458,-0.6788428799659318,0.0477410275293199,-0.48079775569173766,-0.10297577989702256
-0.2024062515399091,0.9378652169459083,-0.44785989747594507,0.7671221676606703,-0.6332340331389598,-0.35559660735695753,1.8966065116172866,0.6979371179715936,0.7476819085093287,0.04709969699365151,0.4007970899042853,0.7275336151507158,0.4495760859929808,-0.9723890153080301,0.9424522839420928,-1.6294273013538447,-0.6802067167704353,-0.05264959104125553,-0.616161550391338
0.4990140471280443,0.20999266659932628,-0.39656983492561654,0.6438899929033199,0.1849432474435989,0.5654895518803601,0.05716909436754028,1.338354601688071,0.8879237850596089,0.6191958807130754,0.8625007048852902,0.5840566420208944,-0.1653399278073254,-0.6801333074557062,-0.09890050381026572,-0.04667184503201625,0.4979151940123842,-0.010322554961241884,0.6254954874112211
0.11559980911991198,0.48803595856473286,-0.9668857155624377,1.729113939348815,0.5726238509577251,-0.12560119702769515,2.6309001372350997,1.1757742938310538,0.22720619070602327,0.6758818647935775,0.6528951663951629,0.9680597441098716,0.6300113049982269,0.5088282724314088,-0.13720962174496124,-0.1488995762840712,-0.7391698567216787,-0.08459473594236298,0.7348686923562062
-0.972300960119633,2.274361522449759,-2.2254894065106563,0.9895257344992809,0.6526956564141768,-0.6099458550558322,2.840278358489652,0.6967119836890573,-0.28705544446572223,-0.3096483608783081,0.9958341279941438,2.1472492900839986,0.6847836638952661,0.47201436044788997,-0.3142003274614729,-0.9970815040574893,-0.2793122689113193,1.0809603577408193,-0.22188619998091053
-0.3417376279510197,0.020500795651347357,-0.1211282789003014,0.577732462786069,0.2700247140050424,-0.1849209040630538,-0.70639829147516775,0.2344916683125684,0.35600992696669065,0.22554559532290935,0.5018631688846499,-0.3722936967133994,2.447985347982159,-0.4279960621541668,-0.1822559308903445,-0.34995449003081763,0.5130622981240369,0.2841917702852291,0.6585658615582916
0.6991187188833925,-0.8615427671574443,3.496882324972554,-0.547929204536999,-1.50919722415826,0.3020534770220159,-1.242872777110753,1.7654693479744383,0.8569756609409348,-0.39182510397015674,0.05007713559398365,-1.6634032622487562,-0.05042839351706769,3.3112602138393585,0.22229420276292272,0.5528499662079022,1.2975884802263875,-0.8062157184294293,-0.15770222695501715
-0.4218827750286569,0.15402576195741635,-1.1042190120937598,-0.2284741240954289,-0.4178050051185172,-0.19487102925318697,0.44826204861510155,0.7707681212817076,-0.7668672117809348,-0.5575795197338642,0.3194179980235962,-0.004129571888783332,-0.5817371375070229,2.857910099484596,-0.4188719214610889,1.1309745990478484,-0.5327076306468016,-0.7826005127900058,1.2400243119616445
-0.45109615740360376,0.45338032285360613,-0.3743937015276193,0.13213915879576194,-0.4518986385360293,-0.20111774756262926,-0.14668906420578795,0.17250553049864129,0.20146277057190068,-0.1523499320249712,0.3016747410268283,-0.26833494161718086,-0.016061732038259127,-0.7654542628380792,0.11055926016025093,0.25451888130614,-0.13945475255376888,0.991347243822055,0.9779875777666774
0.2627717194032894,-0.34891665585878223,-1.798979774625487,0.38943729974677,-0.3768980811688998,-0.25129018736921266,1.5881211100186614,-0.16069541164355386,0.2098191989655276,0.10394570708908615,-0.24142715155218455,0.597128578837824,0.3324843878680461,-0.13374266933073156,-0.34669624737958527,0.48347796759185846,0.28057499738404956,-0.42350521384151657,-0.038732970021154375
-0.4118107164849339,0.08704890293571514,-0.688347506206509,-0.05022670402468569,-0.7466863282381301,-0.8193653109854814,0.46057311707777837,-1.1194243503280281,-0.07455117279389185,-0.6205957652049824,-0.10401102571430491,1.0976530726991198,-0.029610151242620234,0.3143516721711675,0.5360048178752231,-0.5611582483053101,0.6655627894714444,0.11999149386830055,-0.9283113586589189
-0.9044604329222568,-1.2599730685236628,0.10564203358785003,-0.9479885212594316,-1.926577643962019,0.48697618629277567,-1.207550847041211,-0.41313763334642767,-1.2001402496360314,-0.4445855717340775,0.5117948772237721,-0.8958837110652975,-1.9019149179358936,-0.6517597578646668,0.6713297735817376,1.644526137745139,-0.6934669582097415,-0.7490579211708718,2.129482482641878
0.650393843169061,-0.8272596647467885,0.6431805893267231,-1.852303339053986,0.42118963286330646,0.5489091585842019,-0.5548871883270016,0.1417326239996761,0.22035975329121332,-0.4318937142739206,0.5085921815149322,-1.0343351192863763,-1.785775320799408,-0.14643246456971135,-0.2418923525740833,0.5822348649729209,0.011583439972710172,-1.036286585727336,0.6943124748058169
-0.9032644898412252,-1.2837244456581713,0.8340894573023712,-0.7720601879720996,0.8466609791135571,-0.11883765048332619,-1.2421120365093234,0.03867001145936922,-1.5487327821973702,-1.2641603668264252,0.6235080375612988,-1.078498820289031,-1.7344806494944087,0.42604929649493073,-0.364655968534622,0.3089019409198548,1.1153034354326203,-1.0936414499270175,0.6769568372376412
-0.5654611065320576,-0.9446430814818279,0.004746388066316194,-0.5826419127902772,-0.851987061388758,-0.47126203938588723,-1.009135871898908,0.12793758027083815,-0.8773447436880402,-1.3113576800437607,-0.4868837911464858,-0.7244332913164171,-1.4697430285460342,-0.0997839186931266,-0.10684175702745956,0.9412500652546982,0.1945671297866322,-0.7555367024396329,0.5510160520558762
-0.5956458456687213,-1.2447461989864572,0.5231305786601851,-1.3366764293032176,-0.7212776922674884,-0.10078911555802142,-1.308213456967261,2.1741972332217583,-0.9580226769433258,-1.0018836559170456,-0.8588651765574539,-0.7677014300516395,-1.7973463885282754,0.13540028603987905,-0.09938513883115979,0.716498934584193,-0.036916645903377704,-1.0800554987842543,1.3139714471324857
0.6899161471058283,0.07442407135805916,-0.6635490467325504,-0.2070657889365063,-0.5389702796708119,0.44237245148275367,0.6514922233747029,-0.10241287846752739,1.367953997206734,0.3817899559012816,0.4310473447083185,-0.10640242144954429,-0.5936029276687423,-0.9591711963707628,0.016037618822438107,0.7460566667125402,0.7087089064587989,0.1157171204251813,1.349757031043768
0.8608126732050929,0.08281931373460442,0.545644722675883,0.6805651889188876,-0.33735549316693025,0.4582370303500267,-0.41366457010957797,-0.3258703539173807,1.15866828434879,0.04657431344929917,-0.3566984767546238,-0.5188540482606554,-0.8585478963497795,-0.3421557201959333,0.021821001265273733,0.560557854764075,1.0793782416039706,-0.024826956391748426,1.075276775372702
-0.5383129180214525,0.0824305447791786,0.2613552484308779,0.030717753241116596,-0.6914913950159065,-0.29697620372265027,-0.08164292536075761,0.5034463143514681,0.5418473624626574,-0.43291277334005024,-0.2643638275115223,-0.8293028974807561,0.01175300099012927,-0.2887576730490848,0.23660772513896008,0.9981193006511143,-0.925687144626416,0.8729003670511327,0.01854218598960566
-0.09817188439325182,1.3187024793042252,-0.09217778212375576,-0.42957673156774434,0.46690979261071375,0.4217017759732193,1.0107174846612292,0.4676014245550932,0.48135501331417585,-0.17327140650829717,-0.2795648242335921,-0.12773923112915336,-0.4246010253117588,0.06383334736198029,-0.3201241290179774,0.41913018738689095,-0.5597157490415667,2.170163858033792,-0.02495811999959819
0.3785974305622091,0.10718367930104816,-1.0327429433465236,0.4357378001128575,-0.5366332778954537,0.24562470345168802,1.5193063879711706,0.671657324910314,0.9949168339160092,0.05855103966541248,-0.2510702731453828,-0.5392189528256164,-0.7817601789470453,-0.9965338619503794,0.3962969864016395,0.47296567173726917,-0.44647515386452524,0.36834238915773804,0.8335668495486683
-0.5014123124321651,0.20269274904837223,0.3490617771690951,0.009380321266043639,0.2194683010758164,-0.4769781777065626,-0.42539809011833285,-0.3982923251774272,-0.27074741631799026,-0.33193540618597245,-0.03852295910323028,-0.8672593228108803,0.03528577135144055,0.32275758392990084,0.3904258857236797,0.2544337849664407,-0.32860328313025816,1.3502729577382666,0.04247474411744489
-1.868046566359322,-0.936320526252945,-0.6109770281529932,-0.8052569937432975,-1.4617770599961495,-1.1872816717609358,-0.641643867572952,-1.7206154455681288,-2.101499555369633,-1.613535672302813,-0.9331979231219977,-0.17819899405497353,-1.1523521129607697,-1.16060713052917,1.1369957229658587,0.4200657068238803,0.7911390506984148,-0.38812299817729473,-0.8324614063999451
-2.0102267136745167,-0.6909155996327474,-0.3697023636103709,-0.20630013559823543,-1.449053644071425,-1.5256941021639157,-0.056778384563668814,0.2071377232793491,-2.027756109914303,-1.428288251335805,-0.8292832571631421,-0.3030132163506714,-0.3973493902552943,-1.6123706181664976,1.5691626271954344,0.030781010672423274,-0.7143230621076678,-0.27569664641048713,-0.41333050200112037
-0.5098582860512317,0.6288495648008529,-0.9217924253621591,-0.2193378580895051,0.12561649559280624,-0.8245042417595451,-0.21168850650346288,-0.84138794031757,-0.36117814953377214,-0.5220895988792847,-0.5545093298214991,-0.5083089655767087,-0.6040843940125862,-0.17404045128616233,0.322624464076542,0.2811884446631016,0.6742028564713128,0.6298463740047828,-1.484689583310271
0.008131308108230583,0.20342800086738624,1.2082682381858578,-0.5128066066934912,0.1397678084762544,0.1663638258047656,-0.5510113418319231,0.497371746605936,0.4585960856529497,-0.007375561337459887,0.14348944019165485,-0.5889774438279928,-0.4860667573297637,-0.23802615110427927,0.11936517221278017,0.7827391448008415,1.326804100344071,0.07449553851922594,0.7972281451047782
-1.1478344486850405,-0.2752051461602714,0.19650824080907758,-0.2854115009483785,-0.4582013345889207,-0.29765295725781826,-0.5273786801248419,0.7063189083965659,-0.8026117663109472,-0.3116309702203511,0.42786024365547853,-0.48835035448697384,0.4967630818604809,0.07840430103966749,0.18110729015018318,0.6218752271835681,0.35616989326343146,0.1953575126099071,2.501997754368487
-1.5808711114896226,-0.44242419880573797,-0.05277057472207912,1.0659320979253655,-0.6243220551465145,-1.33134485530715,-0.40218200854692693,-0.16536209661588627,-1.808751003295012,-1.3094502927810314,0.5381500384471819,-0.30843882419497465,-0.18398120737369697,1.3375005485918234,0.29131308462868827,0.26608113851825144,-0.3378030552682385,-0.029168913205693727,-0.18868330518986431
-1.0019012520778856,-0.21508622860881427,-0.4139573347726417,0.026108787679685365,1.0916461062178149,-0.4952952943979384,0.44077310992801394,-0.9513030268033813,-1.0218796250148428,-0.23232205747170112,0.4081520997364167,-0.14176393288798328,-0.2092996722668853,-0.8831873028701674,0.6428528668793536,-0.11071280844899528,1.410145377589135,-0.10234544834752933,-0.3759659924055832
-2.008389251177376,0.2309006027567043,-1.5310164505106727,-0.4114611919538395,0.037084054561252335,-1.426013201024181,-0.4056440211941107,-0.791491686108356,-2.1525635415029507,0.8097950609615134,0.69692829554481,-0.6278309919308199,-0.6505018795702653,-0.7751483569500064,0.4964124952273828,0.36070433871368496,0.4098090575217867,0.6452482408414095,0.4070902225373872
-1.3129814879023995,-0.27757298065461516,-1.4681308284293466,-0.02333031393134779,0.5991728333193538,-0.40095905808085097,-0.5901661177832557,-1.5604590299514354,-1.1157613338431958,-0.4940662555813349,0.262034043848354,-0.8105480236037027,-0.39696868589201356,-0.015838906272270893,0.09286640412430403,0.6169699151332514,-1.0080021066115312,0.07820132035154195,0.27240946843089675
-2.6187791420491835,-0.8272135538642953,-0.9707063479471586,0.7923450998622118,-1.622359940090946,-2.4173682809747077,-0.7324498826229702,0.33186800237172237,-2.995827759469878,-2.5259407557372957,-1.2354115410229876,-0.4894430211483302,-0.27021121637261714,-0.4684350009521717,1.4910585867656028,0.20435726300192666,2.108526473132227,-0.2613490663228462,-0.8095399088560413
-1.9716203597961206,-0.7045988995336742,-1.3214272672951481,-2.0552915911430176,-1.5302524092394951,-0.9439185230209903,-0.4935999850437817,-0.3696300811311017,-1.7802800137099652,-1.3869894964816145,-0.8245664972196607,-0.8222827473865143,-1.1545620418671572,0.063201233436317,0.6754390174055103,1.1654330682694931,-0.3358118606584007,-0.14343207896563578,-0.1175783636025921
0.17830429532951106,-0.11552672753297828,1.1516359883447378,0.7061752617415046,-0.17739065475240046,0.22531700519103467,-0.543430690960486,-0.04264741835786312,0.5579083284281173,0.34527109474296913,0.17877153038372395,-0.4704034996046768,0.19534939148907157,0.05969458325355455,-0.11380188305812018,0.5277216516523581,-0.4799489614281195,-0.19682063248005827,0.7381967929978475
0.02574256410623025,-0.12218520147668872,-0.22758808078821346,0.8343903037826984,-0.06940650662570609,0.06367555913143724,-0.7842294142061083,-0.03681623416925172,0.5373312464139385,0.04864231516351194,-0.11865085323280991,-0.49029970521922395,0.07612673034262657,-0.8938848934364992,0.5553407971419151,0.2772110973008116,0.17768448362113234,0.10448048417939969,0.46171050014080195
0.2703230267234384,0.7591741841121765,0.32478488192753097,1.3282780137678663,0.8086625511251815,0.4312203418549852,-0.22899331076528756,0.5435254532764149,1.1552865973526854,0.7752733527802952,0.20277171102232502,0.013785811775994633,0.7280064840844784,0.35851294873331824,-0.39083660896015704,-0.0672742813020884,0.3378055431893261,0.1736404850652798,0.6878934804969585
-1.8415348435329078,0.37403210114591234,-0.8790098940710734,-0.18628473270392573,-0.490139794110299,-1.3121990083369137,-0.3229584382761001,0.1711321690866801,-1.7971485036170263,-0.7432509105809894,0.22711692693732566,-0.7188180410447677,-0.5790765859354242,-0.2681359992941644,0.7817074437709916,-0.08295255985369224,-1.3215984354328882,0.3865015784232067,-0.8266493470599485
1.9338242820539437,-0.8039362948900242,0.8255331074217817,-0.23035578021330164,-1.5331172600607679,1.8794634450967607,-1.1977422905037012,-0.09832090596865979,1.6423762300607576,2.2309128375714438,1.41089975304376,-0.39957676183709784,0.4539634905404309,-0.3951309200527851,-0.0834080888384386,1.5036897065697827,0.8952745181157102,-1.107437951838661,1.8845043902948766
-0.027116208500698846,-0.21265841858435022,1.1731580462056082,-1.125008921234542,-1.0359799073951919,0.5076012868235735,-0.8987650441202949,-1.1549696565646486,0.46731716630186176,0.5192189181766039,0.850371176157247,-0.7722900926637661,-0.3897721136516395,-1.480918612316385,0.8923126807620972,0.8554068058857036,0.2696342692386443,0.3028565818885155,-0.6266284249577977
0.044965175322259354,-0.1406717063590652,-1.3259497710751895,0.485007172209075,1.1013118571320788,-0.02743442759060017,4.163315888611898,-0.27280343226576603,-0.03669823035372218,0.3786966364824931,0.4574418438959882,0.6371128254253271,-0.27371054764247166,0.10229881517982663,0.4804115804304429,-0.40079748313508134,-0.5318562742119757,-0.21386962128829798,-1.7140902980304213
-0.44743326462181293,0.25026524111582554,-0.07000450541281115,-0.9520921695197548,-0.529301226762571,-0.6583226624066079,-0.08536478205637424,-0.5596465015524762,-0.19239907266239806,-0.29624179804346507,-0.005480881072811994,0.7774628907749702,-0.31247897810265707,-0.999886566127766,-0.4218820536339954,-0.03343639490495016,-0.8744867126241922,1.37517360150613,0.6829351531347181
-0.10861399592275545,0.7218086837709988,-0.2782536074463967,0.11820784786723663,-0.9398123581668835,0.3013453180594935,-0.7366861339650438,-0.16345340686943385,0.9244299669589356,0.37805800088950225,0.39886796479005093,-0.19908826273000862,-0.6536936422490425,-1.1624156019169798,0.4806885876360781,0.6405631308548584,-0.11114074641586373,0.9920973569789838,-0.7155185391525571
0.17320696248579967,-0.11237028309131615,0.519157035147463,0.4216563859095904,0.5978873381188388,0.5781564467589981,-0.01710545667829456,0.38369703520004345,0.5863868974381319,0.401370742586965,0.5221607648784699,-0.4218211559808268,-0.1388789812757871,0.42621300061651013,-0.37803357073978433,1.0584307201957646,-0.9405389626467675,0.4077528382810719,0.15660697161260756
0.1671676537306581,0.6143637113534518,-0.38290579524185153,1.1544488192376015,-0.1265669670556791,0.23665474251056787,0.8104275507792502,0.767964979247396,0.8037029226238526,0.44849825055835046,0.08766898336648142,0.7848593953849139,0.6825953855345298,0.05696381073837943,-0.4098390641988224,0.4445873530985831,-1.1431076947289214,0.9379611150337205,-0.5472316279140002
-0.13753478502320873,0.5235968960491073,-0.43493901332183527,0.31890297023199293,0.26376817126716634,-0.0858563085536555,1.332046320419482,0.9103935349039883,0.3914056597913526,0.048976551433273896,0.9115919355551841,1.2367311768603042,-0.25830059751565226,-0.5406582743002704,-0.37489252732313666,0.05319097319103503,0.2818267231264104,1.0541129441360775,0.016069951367523653
9.377960669806068e-4,0.039569788735287235,-0.06947976584891183,0.07695813537356813,-0.26716174171329204,0.23952663551545922,-0.008594414140119295,0.5516037195488143,0.41902520512027297,0.34483027285510137,0.42848716752556487,-0.25770315475297134,-0.0216666409887276,-0.3535651991210345,0.11313389878928215,0.22835230196860548,0.2727972151979711,0.973213606635781,0.5430270437094428
-0.2021259196013864,0.45338948286711467,0.22409223537157633,0.3221488723201052,0.29162203506709977,0.5623575647088044,-0.013101485338868844,0.8862330652881174,0.34544912355602114,0.6701177761338639,0.8929035338500877,-0.35772049325272137,0.4853888076755981,0.39199075170298936,-0.15993595976369862,0.628019562924759,-0.3897289253973669,0.7755576383647305,0.5816948405675193
0.27362934467442623,0.5912585728354177,0.1851330311512181,0.1835209375118324,0.11579929186319965,0.1729221063123993,0.8446402021617871,1.1486723259890268,0.5118228103188739,0.4126258732688902,-0.07121808698783083,0.7206620692300241,-0.15672001677501185,0.2322980221574674,-0.04321062081512463,0.6044112092822715,-0.2826739397618595,0.7860954265557548,1.5566591376242125
0.7404899487723959,0.21953098845890637,0.6302689182327805,1.7351925375887494,0.6046273215266922,0.5833357359508256,1.655479308840363,0.7353081376795289,0.8348967901167719,1.3765919578177364,0.26187060552675273,0.7103053605408357,-0.42545226313609025,0.019326087374931224,-0.9361448304818817,-0.5735773132235751,-0.7674547590103438,0.6390382843491313,-0.7021080208200312
-2.0813867684396636,0.7371230009204408,-1.1652326309853642,0.09530832113548594,0.039448850625643635,-1.2013000355069612,0.029412592753090654,-1.1637338896263483,-1.0443723675196952,-0.6590846177240859,0.9258545436037005,0.40346777079742635,0.24016610046984538,-1.1492078425649657,-0.16924953606830276,-0.6600178890437272,-0.9505503030227423,2.0439921439562543,-0.04435064028889316
0.8584356062238585,-0.4260042287533015,1.7124035093721843,0.16978568820216342,-0.006936191908464245,1.022544288010065,-0.03194673380436117,-0.17568775331916517,0.9780313006371548,1.2978323612564031,0.9306672670839986,-0.23462246312409188,-0.24865309456868295,0.33044570962093145,-0.24412837777343396,1.3234622765980562,-0.3433809829238071,-0.3236552362321548,0.5956098178319527
-0.13329048915718164,-0.6267810352743429,-0.3419563853708646,0.24205053608539284,-0.7265162378481831,0.00187459140985429,-0.11139355212994996,-0.2586741465488961,-0.010853205635413282,-0.31685505262883756,0.15331688593542536,-1.0919701316773567,-1.4047707287978772,-0.1842073728504276,0.9451933211292747,0.42318344098555594,-0.4200575909980847,-0.5793860863892687,-1.3646020871833953
-1.021229244666393,-0.2909200631401583,-0.03183071272996419,-0.8252031175822214,-0.6824146384081438,-0.8135371405603744,-0.4704153662205992,-1.225460962776633,-0.37124844253023975,-0.6655114188559172,0.043934366826619366,-0.8323582040309297,0.2625281362895864,-0.1297084475253453,0.5277312075025342,0.6515382023202303,-1.5728476777432248,0.2561356202259355,0.9747490638719495
-0.6033103998946848,0.5360732220187836,-0.8520027088816996,0.48156777716365823,-0.16943998494923793,0.06669914056981703,-0.3946667204005124,-0.30817697680718564,0.19948551575461781,0.33150822058135915,0.33650009470183306,-0.3227138527676398,-0.12023628607274778,-0.5016104797965248,-0.18072606077328743,0.6982892858212313,0.2166485424654167,0.5291144822513849,0.4527175557011607
-0.20765568629446274,-0.022955109842317484,0.937839658993407,-0.21013256670782987,1.2943192554354501,-0.1046645980492194,-0.8693954114574309,0.3653983505720488,-0.45669581671221277,0.2359222274120469,0.8854811251534985,0.14312804173097926,1.5447949955059126,-0.044241437750041676,-0.1334369874790422,0.23862256737917065,0.24292843124681254,1.1142789442389,-0.4397524149654704
-0.14268292427020027,-0.02423911173476771,-0.5852208440277622,-0.23652755631488778,0.4333157689121254,0.09069583314877802,-0.21332663424626128,-0.559890342047501,0.4929714265009722,0.9186498531857868,0.5245898093689587,-0.6043485033394027,0.17749148284314528,0.6857361303531674,-0.4372641951117627,0.5024975446513833,0.19515129425811487,-0.25117795685588207,0.5371970860882964
0.12046568287421724,-0.07789259351372484,0.34139791943027314,0.6683292780904484,1.1632194108343954,0.7585146921276766,-0.4891993536863326,0.8112359070330533,0.24311692093021983,0.5228122713564528,0.33207296968163685,-0.38170935466160966,-0.47100827934374734,1.887952899313505,-2.20494230311178e-5,0.3971342179662995,1.2193131217295887,-0.25718117757328696,0.5400296640819368
-0.2167147371157658,0.44837973192502584,0.6901891336416909,-0.4187316962345738,0.5991649218480268,-0.12234819164379561,0.06513768946005397,-0.608743359538732,0.2240784122116922,0.01584728470833887,0.0942232645835627,-0.02019524111481072,-0.592231929999338,0.2161289610891946,0.9960737919414213,-0.05211923012683012,0.3530054223804577,0.609780986781388,-0.033851864703615196
-0.35315367488521326,0.2801189278194624,-0.9404585992431834,-0.016592476296141617,-0.23841988036982426,0.12118007748645737,-0.7390679844282072,0.17171077945730334,0.8307482440732344,-0.07162871866547019,0.23353922941793395,-0.8623743264079707,-0.3756975188767378,-0.5715879050460685,-0.27103757463901296,0.7391227455119983,-0.9665936685076506,0.6444170061473616,1.5240021785525164
0.2931504335117087,0.45742332547834047,0.6295257091023807,1.0978431610521757,-0.09009862276816227,0.6939232047070882,-0.6396436967727781,1.734753806015928,0.7926601915734717,0.8263930741937006,0.6484799167867946,-0.1828673050435967,0.5460946012722225,-0.025017483897013082,-0.1958943917594149,0.7681275605843543,0.8817481142248269,0.32634245997800637,1.0916398285217033
-0.1551829848428696,0.7431089579261463,0.3438457686555301,0.7535761247376314,1.3654589343428023,0.38812316353506376,-0.4051603697971355,0.017388015031223523,0.6749002597071411,0.23016085367878877,0.770977164242055,0.23563945431146555,0.9248158512454985,1.4165393383509228,-0.19543604186811583,-0.05433368368804356,0.32660326123408967,0.20527737807935828,0.16139393716534292
0.5895843748193967,0.04010560114639331,0.2746670368164459,0.34584229908668657,0.31288348712465913,0.971063294925127,-0.653739215414553,0.44243876096212265,1.3414946580883873,0.833883181920364,0.42997793307255106,-0.3042665582471471,0.029271752790032666,-0.021481730386579852,-3.780601334708474e-4,0.5706287086542355,0.9845278812177867,-0.0527228559031616,0.4138249597474109
-0.3697123695687826,-0.33977328712219534,0.3461308884389712,-0.7317283321577004,-1.1866327913623933,-0.6757783707771903,-0.034385930586558054,-0.6963253090136793,-0.16514514044020948,-0.7920991277495363,-0.40208001367551804,-0.5601749572800655,-0.33423082135875587,-0.83235164816709,0.03226768920485268,0.7528198367121407,0.08670960459282873,0.1005740199951609,0.41025916285516234
0.4895614514019956,-0.020613475085551496,1.1934673719653202,0.6629355043240864,0.2937223481492557,0.6654135734071561,-0.3172774646429603,1.2336878726142693,0.964170218601846,0.8546331905649518,1.6049307552115375,0.418428361642731,0.10294209561471285,-0.7740433938224452,0.18071763248893122,0.3239464298281226,1.5813755884088425,-0.10127710508089569,-0.35172275507814676
1.244567560846955,-1.1693707616928846,1.2021055609294478,-0.9651315018552498,0.5019903051763562,1.1265986161942976,-1.0038123195157482,0.3638361398926444,0.09862046174696437,-0.10572334534619271,0.8287638886487365,-0.5109367597734592,-1.6910325477906385,0.5466121212821502,-0.05989085391220515,0.6801692387868417,0.201956645395506,-1.1829363097357848,0.5617566509380922
0.6059606701776286,-1.2446592067034872,1.9740359178273676,-1.5039294096616895,1.6012364504352656,1.024814498776829,-0.4045461038082111,-0.35339937769146296,-0.20727379874419508,-0.47494677480234243,0.7931206429958848,-0.8488338224186053,-1.4088742449622986,1.2225807851903174,-0.4127633255133557,0.30230298278998147,1.2046781432146993,-1.2639501481462385,0.9332829992492948
0.10437820286637636,-1.1880405286170863,0.9654488331166013,-2.0858133530274134,0.07418373803681048,0.104462636426234,-0.7678776751311183,0.9566815595887717,-0.9866381276167956,-1.3941799376207986,-0.33886209129904266,-0.5854772345290915,-1.7811724044559094,0.797535976072382,-0.16321966802437496,0.40414997857883445,-0.38222984848010283,-1.2126361349169557,0.025937762896310078
0.32280584840471455,-1.2320501992173716,0.1565663778430841,-0.5808941138997257,0.9473666333866341,0.5019537730329583,-0.6256772976378252,0.9041306739206981,-0.4878324189657456,-0.7610783651162182,0.49156171318382225,-0.6917787394114104,-1.6033912890917714,1.020373350013142,-0.315897994496077,0.48233808352903157,-0.6657381624307578,-1.1078394037463042,0.7463816047835328
0.288263926666208,-1.0886972951555776,0.29758697396362294,-1.653676690352784,-0.21560837182737366,-0.19177926857251348,-0.6679740064523925,-0.2226344718020954,-0.7288044800710407,-1.019930271142586,0.2782904176485839,-1.0459697260312275,-1.6733766096655287,1.150758983287347,-0.2962136222644306,0.5513433097699704,0.7841252637502859,-1.124050737028795,0.1697760743289388
0.2697854018237829,-0.3564848515081795,-1.0765503311026974,0.1313524234831195,-0.899458117283816,0.7632424471248431,-0.6796888035845595,-0.9334129291623171,0.976684968475524,0.4005695745196128,0.41229222820339717,-0.7345273096263061,-1.0660904782576952,-0.3828786366036449,1.1328597657191883,1.1413435296409518,0.5163147323784054,0.04286093952668325,-0.219852909076436
0.5818903294522363,-0.37734972685946777,-0.7078828900003116,-0.6498482112951709,-1.56420758704763,-0.05763525624599084,-0.10296453686878693,-0.093755142832512,0.392196709464994,0.4112900928484415,0.30080818124154873,-0.6394124246549123,-0.22001670300467738,0.5207183747457855,0.11435317543673329,1.2765261270118753,1.0243245925532884,-0.2059824083264699,2.4561653112511954
0.35906401787930275,0.28411948294779577,0.0394647906515612,0.5227058042214227,0.14697405012804174,0.5348360140368226,0.40861208632426904,0.291591041399449,0.8865142021929058,0.6928664426572133,0.9388890936801801,-0.023353014660604975,0.5724264890874214,-0.26709897275247046,-0.362136203376455,-0.18651451935734334,-0.42579172545186655,0.29287771157323483,0.09751718635236757
0.874263827820653,-1.0891354281291616,1.3448683225747493,-1.139658457767939,1.7469932447929475,1.629078298218585,-0.7106451133005552,0.08859730349650508,0.034016749475161985,0.08976118431397136,0.6668987285341323,-1.2846347992165967,-1.4790152048401437,1.641854869692501,-0.3311352186771215,0.8054865846820998,0.841639600328342,-1.1753392880150302,-0.5920798740794795
-0.30664894761594585,-1.323202444453693,1.6040236006877309,-0.7565471785751922,0.6120064382122745,0.22559865391430634,-1.2228473304001828,-0.25742854238055546,-1.2599110225414252,-1.0793295197950383,-0.091682003191532,-1.7418338297949045,-1.6995696898294426,1.7389621128370658,0.2587653799826931,0.9511224664512401,-0.0854454144248724,-1.2222482596061637,0.43684303025327265
-0.5748597002594527,-1.235869369467381,1.6364789871011227,-0.05364442974410863,0.83779769609522,0.11385742508757278,-1.0852896754840313,-1.1897390258769442,-1.4213472792299449,-1.352170629303126,0.03454556418605304,-1.781239910601446,-1.8119852714168794,2.3663172913677695,-0.08160661432564094,0.9513736014224751,-1.0335275793145127,-1.1152782802241195,-0.891996463415461
0.0831375745111405,-1.2987614194791939,0.6196420383146157,-0.5770392224651596,1.9532809359449397,0.7747089422898035,-0.8926741040219821,0.8761607172401371,-0.9701650309063785,-0.7450261339277175,0.49312081240470956,-1.5325937122545474,-1.6466830638248202,2.370360438733163,-0.15623541543354905,0.9824426190083541,1.1008702550477374,-1.2474966224717092,-0.7167354118740051
2.077965190462759,-1.3857759408541062,2.256465259269275,0.06831782377306121,1.0476885356331704,1.4725020765898922,-1.0425876746055684,-0.23012229582127927,1.1771804484341215,0.004915053404298199,0.561255569747944,-1.6203813760656536,-1.7232004309693798,1.4310664791891299,-0.2317253666592581,0.5198236742553332,-0.15011588598541392,-1.4090424491208737,-0.0988866252421191
2.3030231099196525,0.38204452612789,0.4242948001227786,-1.5343913299813376,-1.5321634038193241,2.5798519019026807,-0.22373055925552152,0.5801928180635377,2.0874288910317667,1.4866909304880673,0.22422686995891938,0.3823874508267371,-0.4620980363279904,-1.0277056885099456,-0.22448212777201088,1.1829322140809708,2.432979274032268,-0.14000856550340657,0.9264667036084698
1.9489823316280315,0.094626233344233,1.6461091635225067,-0.9624390538308791,-0.7771303005171354,2.090753934012379,-0.4632578331031785,0.8468940253211142,1.390531334101483,1.3071183028398778,0.5932218583324628,0.14144406165437612,-1.5904009877797871,-1.4575825492558963,0.03084927172760529,1.733816861105771,0.6350277402021632,-0.5667141649598478,0.04019683995202361
0.4528832952928642,-1.3161002427726078,0.630279776852712,-0.4403896246384695,2.0443842383025586,1.426880827363036,-0.8713306107714455,0.5709194357520221,-0.6614867994350064,-0.09628172100475496,0.13786008441186537,-1.7870205291301318,-1.5381881884969497,1.920331884131381,-0.5240096764644916,1.0150128715320665,1.5421366909507088,-1.2909485287391456,-0.9332856503264662
0.8991851829996418,2.6516417354428965,0.3767251290887942,0.993275109606844,-2.6133548769140176,1.1613319597820206,-0.5017885062123939,1.2270472725005928,0.7868763502162794,0.14203196089702336,-0.1043922276637838,-0.9457889459708331,3.2874647592237185,-1.9842784215666391,0.5025756929873587,1.568253345591228,-0.603095378440244,1.3415800307835464,0.40902032382333287
3.0704828257928503,-0.26397915453256204,1.079271665285368,-0.18805106535954452,0.008146851540619695,1.7626690947534502,-0.2766622875795816,0.6433945830526496,1.6272789366589897,1.9797162676169826,0.632785589226225,0.7227279164939965,-0.4197673667675879,0.6816020361095606,-0.21920670569583453,1.4220462171062087,1.627958011134541,0.020486075965946093,0.06692016815104541
2.451076280909489,0.8672515537334765,1.8866396565630403,-2.1385634974444723,-1.762312077474906,2.2697867659011446,-0.14275797081853261,0.7582578652380405,1.590399090940439,1.610897018251385,0.6987235820149754,-0.045243208190738245,-0.07482603554276294,-1.3778505409342272,-0.01596537209216711,0.9371926620906635,-0.3064259693350549,0.19503490308324975,1.7338428190742297
2.2461801526074945,1.4605662070607401,-0.729089362575953,0.325992577098876,-1.4121108241566416,2.1141175793980063,0.09836598281965868,1.1957278234966824,2.0683690670104293,1.3032080915232624,0.4030445947671865,0.5822770139205973,0.8781268613917126,-1.4482085647614986,-0.22286837088588995,1.0836870386741055,-0.9180749567622507,0.09489880078147053,0.4087413136058483
0.9038598315739578,-0.6953556856361536,0.8220162267924895,0.48100609847761133,-0.31658061579704705,0.493738429058543,0.10832607757960057,0.9584719062867506,0.8745578594756586,1.2321506233879238,1.164237372054929,0.011380720664480638,2.2316877580114864,0.3844649522499024,-0.09449944626013705,0.6696836246911643,0.48841522492401646,-1.1018289700455617,0.7329587810513655
1.3010604462885995,-0.7037061896952205,0.24860158903278193,0.2510336643787172,-0.11931309462648153,1.6892402451781863,-0.446467774415563,1.8284066688516782,1.5042170654144091,1.3601532501995013,1.4145650707997246,-0.5117499609098541,-0.5323792010602331,0.18964232872674544,-0.18871699748949342,0.5704127005983265,0.4921676319203447,-0.9145784450984316,0.8615664927961506
2.7841209135252187,0.4817089678131145,-0.023480656685086657,-1.9440339961164164,-1.8535372573500968,3.1045444281513155,-0.2526828596991613,1.2528378841366838,2.2921655886649233,1.7931282492379919,0.32184026105476854,0.552136934909424,-1.1285489160520066,-1.3108317944583987,0.166024732763358,1.2187415868490898,0.9886409038300452,-0.37560613393178305,1.7151405443640029
2.6186188088108264,1.2099665328326263,0.3753829233218985,-0.40240272564471286,-1.4584426911541442,2.1959870554466114,-0.2250741620643496,1.2866315648338058,1.8972869869630526,1.5610369614602708,0.7066885108317266,0.9637478526887753,1.7491382109036084,-1.7671323758733657,0.04302782479362566,0.8841542685565641,0.5206064490565454,0.3243977565242781,1.4190772963679417
1.501942263472094,1.7697364868980434,-0.5020806646714032,-0.8217273439870428,-1.32040588801502,1.6814305410637356,0.5541467007195122,-0.6419274675793809,1.237113035955549,1.3001904110632918,0.6928356243618028,0.5670994321814156,0.9114590695508963,-1.7471170429581964,-0.06428584690240774,0.6416925416229732,0.03710598922026313,0.740324756114984,0.26516470081042987
0.6764785147949297,3.0045461188527125,-1.4060514904091108,-1.896398331980739,-0.6018205089004856,1.2607106795542529,0.22900650474209047,0.24081216869783853,0.3707492645237839,0.43833944500538724,-0.49938919979586294,2.5739840073168327,0.24299188222885995,-1.151652450203347,-0.16750320621133002,-0.13929013943608404,-0.03611196895848623,1.189728349995125,-0.6813161900100407
0.19270535516543438,-0.28190009136403366,1.3806075160045599,0.6830962878109202,1.1338420814229024,0.5437877176154023,-0.6316157906887286,-0.247321283634668,0.5914842588171196,-0.008211811295405866,0.45994628948195937,-1.2496472608371052,-0.04421686849761464,2.1900491461101814,-0.4347683506515818,0.6026531373012548,0.781287824779689,-0.38609280274087726,0.7057657426478849
-0.10031936005441319,0.05816477290823177,0.39805893527446146,-0.29160515950973703,-1.895092075575,-0.01047653983686264,-0.5222558695937641,0.3407407787511793,0.9434039189480627,0.10595985573762727,-0.049067960346048406,-0.3960363874100169,0.22258922171149387,-1.2844079298941484,-0.1655775665998158,-0.1477296161107962,-1.132501749188649,0.9448824503607577,1.0188824708978887
0.9118042738771067,0.5268637614449317,1.5004081615811735,0.5514330975989522,1.016362936160937,1.2459415946875922,-0.39791309725855883,-0.02953436995024943,1.430633111417924,0.772828153783981,0.48433097714942835,-0.6595028645229117,-0.23453509859203103,0.7091550268336728,-0.1196377429522317,0.8308008710673198,0.1454889677903499,0.44494053738882267,-0.5047129918386712
-0.07898444756277753,0.06135838237236769,0.42518028117402784,0.5596495835373156,0.986041635479568,0.9675912485737308,-0.37440792726472677,0.3906681432974605,0.6863926410997796,0.7835820288968322,0.9742903284439434,-0.5989846960159795,0.08052388184759823,0.9250962239217452,-0.0399953493143412,0.466294116546205,1.0697512212866314,-0.02119606731697665,1.3010828003995905
-0.15645801404190451,-0.1565137448669883,-0.09082138869873752,0.270427408347266,-0.3088573512665278,-0.17911378100606162,0.6902386687015357,-0.3610024213493984,0.6556274422547959,-0.3829086517325085,-0.23126141886356635,-0.2147556940876271,0.2720063540352035,0.33663486623924116,-0.588918230135514,0.3381541906702224,-0.6629520626289067,-0.21951950440793935,1.7202493226663358
-0.5156421326345808,-0.34937420398666713,-0.05362698872337289,0.021759152854371147,1.1503876343645147,-0.11459081579411558,-0.8506030566489535,-0.012919727881692109,-0.4718649826658406,-0.37602606863174104,0.18189095409877487,-1.2275964930896577,0.2485274888535586,1.042285015857225,-0.27538767852370966,0.5669138310787468,0.7926254266270267,0.31017366691697934,-0.6784641537701168
-0.38183379870510853,-0.5506139636886169,0.7801297039625923,0.46043650260195257,0.014144856671567164,0.09915737333577197,-0.6556508172039653,0.37704905521873283,-0.7971592444911832,-0.10754816977196355,-0.016608627195688806,-0.43027705831912244,1.2559926590239603,1.0266830698234648,0.055360394082278795,1.3080128241098015,0.26038840666580004,-0.43413363819071205,2.3536275612218183
-0.7296412360359863,0.4390072142548705,-0.5197644663874108,0.1001959331718687,0.2689297550112965,-1.028961935513991,-0.17480057475827906,-1.8549085391935376,-0.23340889721382282,-0.8528426412281394,-0.0038113392681760503,0.06401041405248065,1.0811966994343218,0.5297492136688211,-0.1376348980054454,-0.42523822662634025,0.1759840647750305,1.171911176843672,-0.7707177795019108
-2.3692352699331334,3.7891582204057133,-1.1552859096861205,-1.04811454175735,-0.30193284426773853,-2.37808056141889,0.20683523202469678,-1.836527980172962,-1.5802884804675361,-2.4544437677065605,-1.6622921331756784,3.137961188736037,1.461024971753176,-1.7059742793889368,-0.2919449578133752,-2.342663097592227,-0.9834335770325885,3.2389987264417965,-0.45303239100390424
-2.3849982747476064,4.164074130755311,-2.4995370904856333,-0.9500540153664956,-0.007090172963636473,-2.3376722004806156,0.3705601754614961,-1.146395278408579,-1.1577789903886917,-2.685213476139326,-1.4209973958105788,3.2043965483027814,1.0602560591748682,-1.4917376436271395,-0.47907881079846537,-2.3459969807217513,-1.6435554441053368,3.6638911304236474,-1.8377870604890334
-1.5353518664042654,-0.04018517133115259,-0.604957547825702,0.14014281088444117,0.05394729442044741,-1.3924710047739999,1.454993816986193,-0.014241481999817795,-1.1266418150477409,-0.8923289362662518,-0.1612519842670719,1.0043319531685466,-0.10882377435981345,0.48594053193892867,-0.5699481254338633,-0.01402155704293601,-0.42249438635385417,0.7755990628149008,-0.849941485039498
-3.1187344197892717,1.1303433675004695,-1.750790324245041,0.7733442818196604,0.6288143535799249,-2.6841704340641583,-0.33971854084269876,-1.1570825151225104,-1.213382528376196,-2.3617651851148462,-1.527211373375832,0.36957922568817725,0.21072531492348748,-1.9706169226882146,-1.093521099493643,-2.748483256811956,-1.1905602617656186,2.493566175240022,-1.7729549278222079
-3.075513963301573,1.6477213127103132,-3.0778945035533725,-0.17987289279606558,0.7785262559446287,-2.288400746124974,-0.30832192173335254,-1.8350828704847504,-0.6524878785131417,-2.4297026065705047,-1.0297524970971546,0.21136232999570745,-0.23509010776040098,-1.6105355771590362,-0.6963795858651692,-2.4463959360997705,-1.6488884478896948,3.1703054068151286,-0.3583488492993545
0.23682217258408214,-0.15797298788890976,-0.6196906344404765,0.7774165077212882,0.6916535992821738,0.04074350658300571,-0.20708269979807295,-0.3664107379087642,0.7836325561560636,0.7651168369041728,0.7748463880864294,0.6609674656193216,0.4289094406449291,-0.21346743784526223,-0.7654173044356174,0.39526382416663924,-1.3019869337018497,0.5848406678732934,0.7416203018646689
0.006835482807651284,-0.2695377430913964,-1.7184850135505152,0.44298151834110483,0.12885340561115452,-0.6284043127132627,1.8674750928905344,-0.3293374616420129,-0.31546779253075924,-0.1461075182105424,-0.07533365333537478,0.6049139464874018,0.44793575100596267,0.3690836500185067,-0.38775456377551476,0.5992248237357197,-1.2589035235106059,0.6151931033132321,0.18954870292904485
-0.33993387374407946,0.25324626551589774,-0.2864218633086262,0.4995952860569369,0.33787922101081475,-0.666642662389835,1.1836030644212008,-0.43591745818805305,-0.2623600580703179,-0.08910849100144623,-0.24591816061100064,0.7572620200761023,-0.45802775246236405,-0.10384694712546194,-0.27191367093795954,0.6090459446315323,0.027458950155757188,1.582424870707515,0.4703661955215274
0.16192362166630503,-0.3709554245086112,0.2828971140329706,0.08835500743743357,0.17694901397708307,0.23875353966601734,-0.2391204829501803,-0.30602141514873826,0.6523851133482051,0.342429216258067,0.16694660955195129,0.2294873806569065,0.5688330690413491,-0.3245323981774718,0.8744310543880341,-0.2775978339616957,-0.45087113679628404,-0.4890729945182547,-0.5266795622372812
0.7635276898128068,0.0730056661729425,-0.330779956715607,0.9390121674433931,0.44324737210305615,-0.2986244425174497,-0.09899391316909048,-0.9075250548207321,0.8935636343924541,-0.045115610824382354,-0.10415581837616417,-0.2955438009633395,0.7450442196571114,-0.08430230550563024,0.6806464776134377,-0.536232313998391,0.23524263932982747,-0.77007627624121,0.29748862913232516
-0.04187869452063568,-0.5423637211591774,0.16632888868043735,0.19895688785046312,1.080515520965992,-0.12534980378576,-0.4768941662182488,-1.274779722241843,-0.04238802573935899,-0.3151646673179728,0.23361140313477857,-0.43179532844751123,0.20791818809805165,0.08463355522212117,1.0707903266714605,-0.0537880445679341,-1.0906766683350784,-0.28364048134260744,0.1835144792025503
0.7407056866988433,0.2445223263809346,-0.1295795309928304,0.4233123197391334,0.10398291809453522,0.21507651077589512,0.6617649776899295,1.7291993245142423,0.8006321293274747,0.36309113534911924,-0.3729102871054854,0.5616077192226733,-0.23734059434591148,0.5805097262131129,0.6295753082159188,-0.5216824444863496,-0.023026086773767742,-0.25014825302414956,-0.6613372187831155
1.0641346358268422,0.2796557303487701,0.3142470718390608,0.10819514836720498,1.7454855973081809,0.7539097280470003,0.040810561124779564,-0.3832306929169399,0.7005133976325001,1.0391783204791367,1.1037614059655816,0.5297759406855869,0.5385260764911882,-0.023065281807696354,0.8884115245830584,-0.5313717362637316,-0.2320094989219123,-0.4674529707546707,-0.9599358578842564
1.2466813166869843,-0.0476137133421264,0.0483382532231589,0.7095875730769082,-0.10136704219156274,0.8413983923397413,-0.5329068803994053,0.2978727053932815,1.1769262143324275,2.194882955885652,0.8103278569456054,0.126409740993122,0.8105561242124463,-0.37556481989669027,1.3557092410331013,-0.5125452778183741,2.0318016015287146,-0.4311486285476506,0.5351548450640423
-0.5445927536026006,-0.22920227598868329,1.0146149899948744,0.6070105151535402,-0.4529304401373213,-0.4620691810219219,-0.6544276951735094,0.045592458949276445,-0.6548665234824084,0.26184683440567813,0.27745586545924894,-0.1309957044824383,0.5195737258471944,-0.7947482710145147,1.648224479735711,-0.6631682656914075,0.8765120192595975,-0.18517715282438027,-0.4828930789220383
-1.206790047898785,0.18087916679325322,-0.6583398630763394,0.6945099386237861,-0.11356523736293697,-1.4875867876745306,-0.35563384181663404,-0.3657641158544321,-1.1750659674627502,-1.4731170058343346,-1.2895721572916314,-0.9435563181410295,0.07182878470393811,1.4172446271915076,1.0214194499785796,-0.41398962321835736,1.4686136513859844,1.1861761813777867,-0.7325374354627578
0.22138332541317554,0.7064049469947677,-0.6453996864591676,0.14581310677856932,-0.5692001642166136,-0.4452506341026622,-0.4248738692240661,-0.6015385310036778,0.20084587618977723,-0.2708957420241246,-0.34105934832344,-0.030265408325973357,-0.42061858643976147,-0.6049318733685294,0.4478031257286651,-0.16260918751393222,-0.539848874027301,-0.1707983175679348,-0.9514977712486862
-0.6233793217650732,2.61394460846296,-0.99909419130085,0.3487003820053363,0.7647992549332414,-1.3631584092547813,0.479743282160532,-0.573626863146272,-0.12189056991468553,-0.6214562087893148,0.4550339874814164,0.6779562010108324,1.2299547710559484,-0.5887051877008281,0.7062321965548382,-1.3918371218414496,0.038824844565163316,1.0409054126707866,-1.4477976367243521
-0.38462192146779894,2.494321936634694,0.5349898990038625,0.28102133933257484,0.13473251827868807,-0.7078033146474579,0.16368331439656797,-0.17439584487597778,0.35745110965310445,-0.0765693610496855,-0.07863968709314721,1.6608321615581028,0.8862564992963639,-0.5543017011381502,0.772937628950936,-1.0899903552188726,-1.5967262704693657,1.3372006371773641,-0.4554807593581191
-1.3153079651574164,2.2711573878664857,-0.06813381955463667,0.8199356115885078,-1.0599943214310037,-1.9644072898715408,-0.508081753405714,-0.4819480115284715,-0.395243852945657,-1.2834033663530813,-1.1531321422058736,1.3986777801423318,0.7676257119792456,-1.8510510099385533,1.3327546031203013,-1.9868752136570067,-0.6253352701468219,2.023246290852698,-0.9931419563702213
1.010540991687105,-0.24751051313851014,1.5085929286002138,-0.15000087357545105,0.06946757142485561,0.8025544080389952,-0.5736673376849611,-0.32308058398249706,0.9068328436923374,0.9120079602396286,0.06469467514133453,-0.49497132624424706,0.4876525261221777,0.27679286035787276,0.646429231251689,0.4571683842610527,-0.44511093285894404,-1.1873205393316675,0.04588257065251713
0.645731212402489,0.3358924635602318,0.48537240087046246,-0.7898631958776134,2.6977903652698467,1.2810454230135142,-0.8870535437355612,0.9254332036835834,-0.8068763909425378,3.6077869565861564,1.1953029008226608,-0.7566307319036552,-1.90247129407353,3.4417568194991297,-0.03742744117866462,0.6797580442650807,0.8750844497168234,0.6783220008731939,0.09565484247345954
-0.7006191333681636,0.22090857582823556,0.47400737068322973,0.9559891821829665,1.60719502586225,0.758657899356605,0.009852120871603032,0.9766707934600327,-1.515837648036111,2.7039271149193427,0.9267414418679785,0.38728152630883755,-1.1499350756629942,2.021974737977936,0.1939664587591344,0.5819070626197343,0.6080460670115904,0.1017556438103599,0.024421272169826508
-0.7894862971326296,5.4410640909794425,-2.9078103725792124,0.7723716682242734,-0.12940256339990286,-2.3195577075529408,-0.3061740241297077,0.12647618078299075,-0.06430456975726219,-1.546969977572613,-1.2821741870756336,1.746564799367023,1.4015347213438785,-1.2641974941270013,0.5573753579485214,-3.183825511672499,0.7468442333887105,4.374338123107088,-0.46997922801111813
-0.7293661613880777,1.4067699536517422,-1.5013279475484838,1.4612643467747357,0.8460913415711477,-0.5241961087983271,2.103435589603482,0.26386167645010533,-0.346711378939123,0.10750487113171886,-0.005065533320676326,1.4077002106633656,2.536761668693371,-0.475822816141424,0.683766022355379,-0.9825015005748751,1.6625013065157095,0.28241040437794707,0.387687627287479
0.16345026396304158,1.8708603075582566,-1.2264259056791889,0.4932534911674344,0.5125948945509062,-0.04086234810763759,2.27312717101775,0.9507770743322376,0.37162997670469555,0.4605275518868279,-0.6432034442974298,2.959411371951247,1.9065998732633018,-0.8875376070338927,0.49155155627949,-1.1006014573489797,0.21618370967624398,0.5611855164970648,0.25192983721429885
-0.6996459438611258,0.30070959121889373,-0.045162209180372774,-0.2980090539659586,-1.3396465073501782,-0.8434777660598128,-1.025888865941156,0.06758875868183432,-0.5017978210177252,-0.36852972058142053,-0.15453573938009596,0.3461613371326773,0.30566125593075644,-0.5998794399746423,0.774330472623653,-0.09205114270254627,-0.9061361270368371,0.5956127891145365,0.28891521585182717
-0.5685048759634362,-0.5380644168387992,0.8930137326749514,0.4654107352190888,0.009001158644921134,0.8800409498152112,-0.9311471395517951,0.4137076741280933,-0.6661900208322513,1.0830655692579323,0.7994935443756995,0.4967483463597611,0.7198278158005077,-0.21352714990512278,0.19983284967533707,0.778231280052238,1.2675958974976649,-0.8629948350830893,0.6458670871493203
-0.029109373921057512,0.23068208718220096,0.5269471422836643,1.4957527740681107,2.0428657700387225,0.16175088028770407,-0.3839776784241907,-0.9913613322183872,0.04132222207891409,0.421832870039039,0.8567820527632302,-0.2807760853959938,0.05244958771618558,0.6893033511182193,0.2530024355081644,0.1257123244385657,0.3842633438542335,0.39545292571807483,-0.4744146315547378
0.1145817869024166,0.32944483541889724,1.4318445308031806,0.3769322817194782,1.3139347003642503,-0.022881299669591102,0.771912317351596,-1.3375851033098605,-0.0496953893478771,0.21649745323405134,0.14974322108512683,0.3256716124443995,-0.36225249275273275,-0.21553015207393109,0.7493603782544147,0.054609914761324124,0.4515113281361518,-0.33852465495258754,-1.18502739679464
0.20235008485735523,0.25544260023989646,0.9513555574806216,0.9786287694409623,0.9388765912336999,-0.20097126908500976,-0.2752020690580835,0.6087394375435335,0.15325407366945562,0.514107570666007,-0.08080041813742889,0.48840458839388307,1.1237436720968774,0.4507922142640905,1.1253908114626234,-0.6122062287234064,-0.9698578143872983,-0.1963110904857098,-0.338342555031234
0.29330238382365953,-0.5350421693849058,0.9471561742921996,0.9209676394107247,0.13403996624134962,0.17734241282666977,0.15868286798602313,-1.0367327372429154,0.4363321739070711,0.7754922774259656,-0.16346444656553544,-0.49639523455737905,0.43260216523186834,0.9596744889239631,0.6709583055194203,-0.02903788004910286,0.11892596546471171,-0.7429188419884682,0.1338995418126737
0.771499786696477,-0.006501134757881585,-0.54091261113672,0.6463199394936677,-0.2406789410858288,0.16856683762330577,0.3398501335642588,-0.5793604268868793,0.7180556038269293,0.6115505748862715,-0.11585863432347596,0.4583051623815105,-0.21459929405834785,-0.05454581160979676,1.5991534393670326,0.09387407637569004,-0.13619599125525725,-0.5255507078910641,0.5728682180620959
0.424385457522405,-0.04768213491801864,1.5080531052311046,0.7972989428813645,0.9146656820687026,0.4371576551356059,-0.2593616834610867,0.9766622350681423,0.7373886092393616,0.7226662600665826,0.42781172436153503,-0.09355764338034807,0.1067926497079836,0.689214318854211,1.2082416981755575,-0.09198273819969749,-0.6306327766646989,-0.3402718165010452,-0.4744998337318458
0.3599691692092492,-0.29754318648691186,0.4897666997070571,-0.2603041782302457,1.2900055993735777,0.7511913643168259,0.0680229332928235,-0.006116506820694501,0.3343912247090244,0.7977280206588329,0.6775742901217509,-0.056497865955927755,1.5761354203219609,1.2558860683088042,0.9458576770173454,0.41711912427992215,0.1462680779861598,-0.1918774534064147,0.04378253861029168
0.9243146541668376,-0.09003624841332372,1.1423299487148786,2.8860375231276927,1.9083032974149643,1.3871702851727634,-0.551022921560116,0.9096333981694508,1.2027245982106447,0.9135642686599388,0.47462551814074744,-0.5086918316490701,1.2941422427152451,0.0048797816305770495,0.5628411216676956,0.24611901636554784,1.2472277568545465,-0.463104145330263,-1.399874366390847
-2.193472857784025,-1.0162218670006964,-0.459971200192678,-0.8762367331522584,-1.1807917330953692,-2.6057682829600672,-1.045359759500338,-2.2763684063484395,-3.010695514831693,-2.9256895152254843,-0.9697926833652062,-1.553489909454585,1.299664869731704,0.08276810012243607,2.274095690117202,-0.08901764630612309,-0.36355154216028207,-0.5127429981728543,-1.5955283017531483
0.49384883363906196,-0.23296687159944082,-0.017849797174278544,0.9619482286688142,1.4809510903712906,0.005922655853309758,0.24324818766805542,0.036320688046891925,0.38256052687591574,0.41344233387016155,0.42486556447300367,0.2637267050740128,0.5638550098269082,2.2583855003908906,0.8976178848854008,-0.15397433422867784,-1.2928837371627617,-0.3339015597122598,0.4422153444112189
0.8131487072076088,-0.19474019856096486,-0.8468883296539996,0.6949250004756571,-1.284157640931906,0.4005362856028072,-0.8220069308814579,0.14088254955372465,0.6363275155657077,0.8912441237818665,0.802454965807867,-0.001046052060310945,0.5351667204265936,0.07159906073013185,1.8259641733202105,0.16947759552604133,-3.080294587350908,-0.6364801316797234,1.1469240826112483
0.3241561575949515,-0.014699851630565733,1.2097209604206227,-0.01818955902618155,1.64321206890477,0.3782807324485574,-0.550699187597187,-0.7788518091874373,0.45434423563940446,0.6572097568389595,0.5437845735194718,-0.37921528907194696,1.1263889466611712,1.1118082193051009,1.9039936979870749,-0.23086401387129657,1.133034836540263,-0.15034763063759796,-1.5225192369121507
0.34095660830666574,-0.39305039083760346,0.49764609627329576,0.9299291672759338,1.7158940390569173,0.9939492356145598,-0.8085569166567435,1.701766381552475,0.24220730365975887,0.9383949219004283,0.829650321862461,0.49606154567105176,2.5237566572245154,1.411974978313651,0.6709124040189058,0.4623659662226725,-0.3371301964853375,0.010491218740531386,-0.2718515402966731
0.10226255037547337,-0.36155313148899654,-1.2776852442603885,1.0888423702873151,1.7462287886478467,0.3608524919692472,-0.33073952286639935,0.4638637005151723,0.3745317424123672,0.0034837560887557933,0.02892425848669262,0.49780304606421355,0.2939108874758482,0.490086561247264,1.0203732414641014,0.15820042319446803,0.26356326678266884,-0.6108894435799771,-0.24536248163199822
-0.8194399854288883,-0.53351991576368,0.5617750121827867,0.3525516297819413,1.3246362347542049,-0.7460967757628544,-1.2162930168298198,-0.12379897372596786,-1.5300445186823697,-0.6087532346148807,0.5381176126737524,-0.11294642351172726,2.2315094913723375,0.8478386192642368,1.3834991854248464,0.25109117652503427,0.03397270386098523,-0.5327835545023912,-0.41113560820879086
0.9477469583694329,0.2174906409989296,-2.001548427088289,2.005361776724326,1.222792448418425,-0.010849236270868945,4.610626056952456,0.5174105963242469,0.2485083918396109,0.31405544106038746,-0.22874894286809042,1.9282369474705476,0.2543289402981306,-0.9215635764891491,0.19327006417000403,-0.44687802018070183,-0.9166298326656448,-0.9673910947604536,-0.09669586169988584
-0.060567641669040155,-0.2547769308124682,-0.5921189334699898,0.2728483811758962,0.758246633687796,-0.564730011837332,1.356088941254381,-0.6300257316603156,-0.6660045866063282,-0.10994553806437314,0.20884491751185938,0.24785603344633184,1.1896844799318398,-0.01939500972717808,0.8452927966397992,-0.25977805232471657,0.7749321700158541,-1.1517052332826205,-1.078103050232644
0.566074739876232,0.4759263587713839,-0.4519776062225363,1.2809488110872749,0.6139680377242424,0.5241951811813774,0.8993402266334124,-0.35981859938735167,0.7720145855920049,0.7458793981603848,-0.526644583829993,0.6279600889447127,0.021416106864020575,-0.766704002002985,0.7413679319744768,0.015337807405044883,-0.2715339511701461,-0.6389452985601922,-0.14981411610071582
0.4923715910793267,0.4490862133093218,0.1622560212856405,-1.1731549685806135,-0.5884179769605309,-0.2628884252236379,0.004294863585198259,-0.37554803841443557,0.4668616672204764,0.3702593149393948,0.3104379541767808,0.7259018031558109,1.0112638010573882,-0.800565999792297,0.9935970364018339,-0.33331930144294103,1.2729730668440928,-0.3482162930667744,-0.2277410765213364
0.9072142419177777,-1.3463943733008756,0.3940258717762711,-1.0494302948188514,0.10406663164652193,0.7540890111955834,-0.8303543465647817,0.9400795750278531,0.020534178467766534,-0.9011025594988911,0.7307609823709497,-1.198374148644802,-1.8850121842692156,0.9213013786626084,0.8852822075760914,0.0344705456854355,-0.923711715489026,-1.538073314503915,-0.43291248226707085
0.35749266671807,0.3373528177088557,0.24077425501439015,-0.13113120167637257,-0.15627748500729266,-0.05224793112071821,0.35976048056259036,1.0154422848961013,0.48116737847665414,-0.39706948318305696,-0.16528967516653512,2.665955302545179,-0.8640572103742864,-0.4594779429478055,0.903291920338151,-0.7009731652224467,-0.17884560835953178,-0.18822407510320086,-0.20637437032517678
0.6349343504053063,-0.49367028326635215,0.3703698337320803,-0.323848897560871,0.30831522913293824,0.7063849918771887,-1.0843843130614668,1.103441401446159,0.5608546509501952,0.13779645594879386,-0.24583385381256043,-0.8031307236610206,-0.3950924967842588,-0.15894298498709808,0.24244103507066125,0.20386228863355452,-0.883406692221707,-0.7995725776267296,0.5536642240868116
0.5492180216862892,0.8330568089132541,-0.35052055095230195,-0.0566228036192253,-0.23217824126700218,0.4187832978590827,1.320064460443434,0.4790836582464127,0.7990364823389542,0.6361183932909331,-0.24183386637685933,0.1683668931760512,0.5483239669948595,-0.002493192772822472,0.04630407118596129,0.4427308677422857,-0.11487900166523003,0.2670486872564927,1.0871698023681005
1.102184346184948,-0.2030256281751783,-0.13960922748609392,1.096461048958948,-0.801423820127769,1.036358818352514,-0.4468530884407726,1.1757810004267848,1.256756232293542,2.031219171484979,0.47324306640870306,0.035648323463866906,0.4157905413110082,-0.06741218533147221,0.2161222640222678,0.3545575114403571,0.43335816575638697,-0.22776474907003585,1.8276982053201032
0.5663960836564028,0.12411452193761295,-1.207341853335139,0.3646034706178088,-0.44148734120486355,0.7052661613444015,-0.04092790052001719,-0.5939457153415726,1.494736807154643,1.2983524963159851,0.3491232006906392,-0.2075311332982793,0.3270212573857593,-0.7356388047192106,-2.3649570381047917,-2.1076599121182977,-1.8151364460881354,-0.5352092575480052,-0.6909007821405907
1.3855850474755573,0.0687762308585361,-0.1718542239102148,-0.9122662380517862,-1.0708666285493023,1.1308470833271467,0.1121037623489461,0.404595977715043,1.4472307547535863,1.8099226593131126,-0.21098201300709954,0.41705497520036044,-0.16945422902025503,-0.13671548260450075,-0.04206872560817794,0.5501676708132426,0.49766271777059845,-0.14251309358538708,1.7885894942205252
0.9622704309147956,-0.05871094410977864,-0.5321714164523483,-0.030942644201005665,-0.5077197365809331,1.151542684234489,-0.10517250173519868,0.8300778585452605,1.6348079694983118,2.3162461392846567,0.03175242875701685,-0.016594419567069345,0.3916183189639047,-1.1535507679403965,-2.5306099108814997,-2.5009887467510024,-1.623250395482889,-0.7061473840225458,-1.2977743977248695
-0.5270049315248603,0.2285190604577056,0.08025245279403107,1.3842980449215667,2.548573332291123,-0.18427166618787855,1.1292533899245631,-0.1082831743083116,-1.085760703000588,0.01798482031774484,0.8364557904845125,0.31503751299363764,0.5673878464057349,0.8430953565390181,-3.152265108688504,-2.3950318290394748,-1.8899813967050183,-0.44483351424038564,-2.2765155432942343
0.6603603315562968,0.6322892286250171,-0.10541952580753301,0.8467721864350504,-0.1524856620581629,-0.04909172214549957,3.057735980829563,0.846761414583626,0.2791980050422767,1.0021574931192052,-0.4204402161103691,0.44296133165183166,0.03565986567055429,0.10605273850304134,-0.005694844142797663,-0.003171056004828285,-0.10600246975286902,-0.04268021245092778,1.3048545546723376
1.020134507042596,0.20077180219026933,-0.3095300237308644,1.4165608695232963,-0.2577921202572835,0.31017773808874943,1.6044075931044433,0.32533996193548925,0.9965044816184992,1.1095799670757844,-0.3649654516738572,0.31625131257825345,-0.5508883596665507,0.17425020999862056,-1.8691406984625805,-1.7606835740619529,-1.381805122523111,-0.6575334170570228,0.6699875910230468
0.7179032739058466,-1.2156187535609215,1.2722574740453765,-2.583394345599423,-0.4140896478760399,-0.6772593156436758,0.22694973318569853,-2.6265621869475937,-0.017206273630535698,-0.26817815274011086,-4.1618122228796794,-0.9363770428897542,0.49527274777276886,-0.26947230207782696,-2.7724570197854743,-2.6618486904415315,-1.0430776146442304,-0.9436932356763842,-1.6955252287351428
0.7370390689833198,-1.7250044187791753,0.8155448388504876,-3.0500921474242584,-1.448529724697336,-0.3652785708545263,0.31859796875248314,-2.7068186897059703,-0.09678840810272497,-0.2806200334231409,-4.161810085064303,-1.342739299566549,-1.0647997865286507,-0.7981317063797773,-2.6381185150941975,-1.4382076939026396,-1.1221976845339796,-1.3703921779624277,-2.1535737322679216
-0.4357571460066519,-0.5427876242499925,-1.3768077998597326,0.44820362702279837,-1.7394850570602962,-1.3530599833657029,0.7589905181305473,-1.2647823601383983,-1.2541894148444062,-0.44282420172799825,-0.10871941317616628,-0.5121907192750904,-0.6207370714337999,-0.48588699984956313,-2.5975833689493957,-2.143821724108837,-1.0494199702845832,-1.211075767265472,-1.6315280656535034
-0.5254968386775731,-0.8181881792990103,-0.11870567841517489,-1.2533870333405397,-1.0963998585578567,-1.646932568659431,1.7055990629709035,-1.6299943425647894,-1.047290506632345,-0.8892411013699454,-2.954322249345584,-0.19785808884072073,-1.156089319681719,-0.10936913696263037,-2.9329393136249617,-1.7627675908298337,-0.8932005224757186,-0.8715604299607721,-1.245945369431845
0.4304161219447207,-1.1710623070870756,-0.04079105935570192,-1.1019106630175481,-2.275808160583386,-0.7368238762378241,-0.313356493756017,-2.250232470086125,-0.039077817104901075,-0.038353619678774466,-3.1182334127594777,-1.2579658394504627,-1.2620839641504396,-0.23200341039622338,-2.5437874196950556,-1.4785354509494915,-1.5341235315542514,-0.6438934589163552,-0.5571067198158729
-0.4633875227959809,-1.1073512778441565,-1.1285726923017414,-1.1862009736961814,-1.0403924644220202,-0.8774269948775587,0.698455365337491,-0.13661667659530402,-0.9173150263097289,-0.590789957383571,-1.9645718757675386,-0.9415902313718928,-0.1544475603120704,-0.8305901451332005,-2.7045863143840556,-1.9021959006295965,-0.08044755880362883,-1.1024798708272683,-1.978003689148155
-1.4345447731636867,-1.489447450565814,-0.885152089849824,-2.6484115038252205,-1.903702513164782,-2.5435340710570022,0.05354439475618062,-2.8547446086558366,-2.28496886501133,-2.2537049456970033,-4.161772349437883,-1.4005900533855185,-0.4202730614502964,-0.09878008123087342,-2.9702988175034175,-2.097373516898413,-1.1929102634762405,-1.1370154016233578,-1.296055320029262
-0.6779861270710439,-0.22996041613970591,-2.0541817792368287,-0.3168786473957503,-1.2243393698892935,-1.4318544230217842,1.8973577991721184,-1.636121357671226,-1.2229850587202418,-0.7296214179559011,-0.9822800710807641,-0.04668677408334198,0.5509483206523408,0.8540157382081031,0.4688389075747913,-0.22425273381292668,0.1009000867617833,-0.34628330993828443,1.2486825075774273
-0.6690259182867346,-0.9198630123124588,-0.10800724409633883,-2.4311801084102798,-1.955323813934131,-1.5289095480114623,-0.6358821550572757,-3.2449447205168167,-0.7586409333593834,-1.1682063210414293,-3.082858029081593,-1.134166213787185,-0.7183034487158314,-1.2603512581695802,-2.7293346227231545,-1.3329502968348927,-2.772899695827466,0.12978753848560337,-1.0685844771531485
0.06852774889504713,0.12982692671337526,-1.3980641814099934,0.6528555690474039,-0.28617028091881624,-0.26069901563241427,1.4294626207331014,-0.8666165679816937,-0.24796975545152147,-0.017151845702676964,-0.13858535555263754,0.6503481783691866,-0.07124101388471459,0.7645828762157947,0.2928657401637449,0.4164243914148466,0.9484290482745326,0.0751717124957131,0.8115884627576103
-1.2769899387159032,-1.2080926195440553,-0.9332448523530958,-1.930470875141476,-1.1399413833110164,-2.2468066959893767,0.23355544468980605,-3.0277233561251036,-1.8773163571804834,-2.0683334610358646,-4.161787937145449,-0.8199514313603171,1.402763202006744,0.6504532950650294,-1.0455495745901648,-0.9546429176675748,-0.9468882437380554,0.7115568456109653,-0.8586142830518135
0.37230196261069437,0.20708184200624172,-1.2098978573559176,0.5682479323308647,0.31449010510178166,0.08665849331776428,1.830380623988145,0.8867413540533616,0.5232710645502706,0.39349793138200934,-0.12553417494670585,1.1509463822458283,1.2087824424747524,0.321445506698925,0.09365709683707582,0.531083733128561,-0.2903046754461709,0.11906859613854338,0.4540722710327599
0.646076515432652,1.9559224640611812,-1.270865866467585,-0.616760982520674,0.2754051465036535,0.25994799476727315,1.2385625956474497,0.015053647002028051,1.7002652978997752,0.4406399456496171,-0.44822954556103595,0.9919596192698125,1.7086324641494617,-0.44289975799236825,0.03733438588369264,-1.0463970139317917,-0.38095367225155596,0.5977324695074429,1.2444386885678933
-1.411795114081525,-1.4347564167402513,0.3394382699973002,-1.3508255437663594,-0.6900299168317977,-0.9222268586772652,-1.076459236692346,0.32182234104968455,-2.2188286981269063,-1.2237278279228432,-0.304037527647636,-1.4872298451436647,-1.1504220430906338,0.8225119131637144,0.8537080848039195,0.14283494238611266,1.0934392172832132,-1.4711629681133842,0.9350344683578703
-1.5255418748593803,-1.5291701298699234,-0.2746248872193809,-2.7393841431903647,-0.7196366146599626,-2.0138053381671033,-0.09491173741028705,-3.5346968738491045,-2.1901414393216414,-1.943165141227875,-4.16177722165093,-1.1275509226855842,0.24498137319950697,0.7811495553455627,-2.938268565417262,-2.5943529021887217,-2.8079717520377567,-0.5240761919854755,-2.4800212644990842
0.5995265243604325,-0.6260829465427143,1.1094866890793589,-1.1613166333385008,0.5966814784806416,0.2023282817681103,-0.20049980502042272,-2.170166849360001,0.33606134839123475,0.22378475660908534,-2.119180938493948,-0.8700564702713077,0.25876510046602164,-0.7823556012935982,-2.557314292155855,-2.5279964607833567,0.010702513114433465,-0.2910089606800851,-2.1770018759014067
0.4635418439684622,-1.0324571145291226,1.5833931431320887,-1.9631244728346449,-0.5697579678325291,-0.12092552237850065,-0.3382244878837494,-1.428841666586332,0.29028378832439855,-0.10852629314438965,-2.8624621926536555,-0.41628926070441913,-0.47295661102122466,-0.9790819118586053,-2.739797828321256,-1.909365980251564,-1.7053229354175241,-0.6269624874714965,-2.0478238940867945
0.7373930748660172,-0.23215921276509557,0.2655835330443712,0.4810209262284469,0.2838799987231693,0.5554521428522479,1.1480965145986888,0.8162436627255844,0.6910642402043077,1.2568876494312045,0.07102593620002334,0.5587115516363782,-0.20275948790496762,-0.45551692519426784,-2.8541541695186328,-2.3298835856814155,-1.3276282646481392,-0.9643729597881632,-1.8808766562341577
-0.8370896831051282,0.49935934535888404,-1.267184233422186,0.1575904904641179,0.209287768934632,-1.3375007208480236,4.236640360877602,-0.6381058611888749,-0.9363357405771706,-1.1134264499973185,0.15722994267468546,0.6960556252378578,-0.4172788736406085,0.17276453355356908,-0.2728924859604012,-0.2395217130823264,0.2533574938663009,0.1062252910653151,1.142166459245614
-0.3955054762080506,-1.079127527760478,-1.5434481525560548,0.314001014865062,-0.11195194457518134,-0.7918836192097678,2.7930576929821678,0.6087899269818057,-0.9484779518257817,-0.2103130326575572,-0.52315965069036,0.3926974172423443,0.15432062705140676,0.42955048501266857,0.026426070443492735,0.34986169106644255,1.4123143120503028,-1.0620971660289813,0.9949920163029543
0.24407574794171807,0.8505232479393543,-0.3412243608919549,1.262314730758279,0.9880336794635541,0.2590155245592872,0.1856244842070452,-0.25079461641177037,0.9077237213610856,0.43946899841625126,0.35778252093897095,0.5945978670034703,0.3085447684897132,-0.8166792334477058,-1.6787736106656845,-1.446325359909219,-0.3257218221794713,1.018428090571592,-0.8189391570500589
0.7752942184927666,0.09157330890551318,0.8568267620371877,0.8800162600724599,-1.0427795382596832,0.0476819870306588,-0.8007251329815751,-0.644876264655163,0.5191282971352887,0.5330398527174511,-0.5270492475584777,0.6663080949959355,-0.5960654290257983,-0.8636654154157769,-1.657349614163915,-1.1942204151651976,0.31445152066614346,-0.2405154959237552,0.0723796323556919
-0.036937952492464926,0.004872902382799279,-0.1286634312251075,0.4175482666404244,0.2863568357864545,-0.7703908556141137,0.32721985054454183,-0.8538626832229123,-0.3550305891055722,-0.41887883829352607,-1.0017008148505553,0.5532921479357827,-0.1598548763112626,-0.08128212553565088,-0.1712720654391712,0.041823233758071066,1.7365166022072593,0.7343888234236148,0.3110590833239855
-1.8251303323677721,1.4992947671241101,-1.1614977791144232,-0.4199692411736241,0.5824585999991527,-1.8079794881211686,-0.4073488556591837,-1.4828111959264714,0.6556210311559598,-1.820010825954969,-1.1728485300574731,0.18634756715034195,0.06406569736994402,-1.5847740306017615,-0.451960315238465,-2.219067457823029,-1.554930388333737,2.2353878278790735,-0.17429969815923477
-0.5007163657130087,-0.3762763425501789,-0.12401108925960468,1.021317052183874,-1.2636077557480383,-0.6583489680915487,-0.6664235791077124,1.6774969228190957,-0.5327988082468439,-0.6469223556618688,-0.5920796584312471,0.7804255565548024,-0.5688577047340703,-0.2569703869109141,-1.4038564668355253,-0.8900326386469287,-0.0321296391954891,-0.6353033591123746,0.41971214090197423
0.029858072960040758,-0.6562049756008017,0.1540148669139908,-0.18020438613324888,-0.46953332802800185,-0.4492479905339712,-0.13511620551263592,-0.3502242489755686,-0.6108841049586746,-0.5668189363308486,-0.1823576021220856,0.764687773103749,-0.8139369263677262,-0.49729286461055827,0.28528763140915336,0.8471560549847263,0.5742978947189943,-0.6270197945729212,0.3356739590866981
0.09026506406613846,0.5155215424840351,-1.3227079889066493,-0.07541630564229646,0.26108974243799726,-0.00468938172473932,-0.2317051916232236,-0.011672206981167346,0.5842953783008933,-0.09604633661549719,0.20273619597573939,1.419762763375597,-0.655127730841508,-1.9047898925532305,0.6616768516470373,-0.9717300358652337,2.625879858776577,3.5234428174448476,-0.5532269500363303
-0.5333948055027611,1.311009666545033,1.6134565436359132,2.684769409502782,0.9937684283738192,-0.8005834215901516,-0.3550440501301708,1.4109275551497256,-0.6965973586580466,-0.8558358318380787,-0.20377142032634216,0.9736652976708338,0.22412321739985167,-2.191353763002375,1.6875784068762942,-1.5877210385829976,0.8390451587995585,2.1701844292250643,-2.0933125478076993
-0.12142559174907193,1.665833165413993,1.1704613824547927,2.790507151077112,0.7681471181522382,-0.30204128332768604,-0.08583125183791626,1.6036594412910783,-0.280558425725141,-0.5542330517601681,0.7168812711494827,0.6771819405666186,1.243321725761646,-1.2890264922755126,1.5729857103895384,-1.3859680838177262,-0.19081734783649115,3.010227546849698,-2.175633541432113
0.9872017508568383,-0.3558697040539139,0.9133989992407178,-0.14417546292020195,1.732648994871642,1.7492113161095324,-0.8894522941473962,0.504049065825452,-0.3273926551985051,0.46536508980877034,1.239978576120074,5.758560420130465,-0.6578507209534834,1.1027063136748882,-0.07086969155988608,0.9492883127280686,1.3764777641210497,0.43144236231565686,-0.4139853239220806
-1.5057459868098522,-0.6661976954428876,-1.2455116631993781,-0.12443621908692033,-1.270513303489177,-2.102217217950078,-0.03479343418938641,-1.1659704346047033,-2.0916387386747113,-1.4907170255241788,-0.339632000286424,-0.5650392229479743,0.8016557810638307,0.2286095258274831,1.4181411631740637,-0.9121613336292868,-1.6172962889842906,-0.5395386563891541,-0.8640134439827026
-0.91947499386408,-0.8549670415495777,-0.4569806485859008,-0.29409291917764707,-0.25978906792139034,-0.6008911290475094,-0.5147647592116571,-0.21392131038899093,-1.2248723937626338,-0.6812442062635702,-0.4944271314627087,-0.07341969648600996,1.0451989594286393,-0.2432428395954415,1.1004733367196045,0.08672836723389198,-0.5788136369882433,-0.6110489529248802,-0.6241443271018966
-0.7295310100308431,-0.7193811231039666,-0.1193535544418535,-0.790082524790587,-0.7284426072333345,-0.5807509690763064,-0.7666268095510029,-0.6601736646019186,-1.0118064760795549,-0.5192343645149127,0.10069131426041568,-1.169920813622634,-0.010037841965106063,-0.12469012987473513,1.2375749585653646,0.8465994568130389,-1.61217539572424,-0.7679895334468861,-0.2699236777399521
0.011775322493187423,-0.6013931196745892,1.4961097457987405,-0.04144263807328586,1.2650078811748422,0.3725646768107203,-0.7071006790575697,1.1487018746745619,-0.5029953531826885,0.29579921912138163,-0.20530105808838753,-0.3407540661160519,1.7483390672908339,0.04098659757077349,1.5675907087843748,0.19632082588264704,1.9491189723142612,-0.5606772351848165,-1.4201515620928946
3.300806461953397,-0.955059508005133,0.37651306878758656,-0.27329877594960544,-0.3360425725236809,1.5770314554114198,-0.8334388564162408,0.7157784815938486,2.3227402846759664,0.6909324972783829,-0.024981599151069678,-1.2227138681273702,-1.1064570415881505,-0.5693840492329679,1.5268109730867772,0.11341620852800448,1.506998824584698,-1.0986251310614232,-0.9087470164742032
